{
  "$schema": "http://json-schema.org/draft-04/schema#",
  "title": "ValidateLoanApplicationsRq",
  "type": "object",
  "properties": {
    "ValidateLoanApplicationsRq": {
      "type": "object",
      "properties": {
        "Header": {
          "type": "object",
          "properties": {
            "TransactionId": { "type": "string" },
            "IDNumber": { "type": "string" },
            "ServiceCode": { "type": "string" }
          },
          "required": ["TransactionId", "IDNumber", "ServiceCode"]
        },
        "Body": {
          "type": "object",
          "properties": {
            "RequestDetails": {
              "type": "object",
              "properties": {
                "ApplicantId": { "type": "string" },
                "NationalIdNumber": { "type": "string" },
                "loanAmount": { "type": "number" },
                "name": { "type": "string" },
                "salary": { "type": "number" },
                "termMonths": { "type": "integer" },
                "creditScore": { "type": "integer" },
                "MonthlyPayment": { "type": "number" },
                "age": { "type": "integer" }
              },
              "required": [
                "ApplicantId", "NationalIdNumber", "loanAmount", "name",
                "salary", "termMonths", "creditScore", "MonthlyPayment", "age"
              ]
            }
          },
          "required": ["RequestDetails"]
        }
      },
      "required": ["Header", "Body"]
    }
  },
  "required": ["ValidateLoanApplicationsRq"]
}
