{
  "$schema": "http://json-schema.org/draft-04/schema#",
  "title": "SubmitLoanApplicationsRqSchema",
  "type": "object",
  "properties": {
    "SubmitLoanApplicationsRq": {
      "type": "object",
      "properties": {
        "Header": {
          "type": "object",
          "properties": {
            "TransactionId": { "type": "string" },
            "IDNumber": { "type": "string" },
            "ServiceCode": { "type": "string" }
          },
          "required": ["TransactionId", "IDNumber", "ServiceCode"]
        },
        "Body": {
          "type": "object",
          "properties": {
            "RequestDetails": {
              "type": "object",
              "properties": {
                "ApplicantId": { "type": "string" },
                "NationalIdNumber": { "type": "string" },
                "loanAmount": { "type": "number" },
                "MonthlyPayment": { "type": "number" }
              },
              "required": ["ApplicantId", "NationalIdNumber", "loanAmount", "MonthlyPayment"]
            }
          },
          "required": ["RequestDetails"]
        }
      },
      "required": ["Header", "Body"]
    }
  },
  "required": ["SubmitLoanApplicationsRq"]
}
