{
  "$schema": "http://json-schema.org/draft-04/schema#",
  "title": "GetApplicationDetailsRqSchema",
  "type": "object",
  "properties": {
    "GetApplicationDetailsRq": {
      "type": "object",
      "properties": {
        "Header": {
          "type": "object",
          "properties": {
            "IdNumber": { "type": "string" }
          },
          "required": ["IdNumber"]
        },
        "Body": {
          "type": "object",
          "properties": {
            "ApplicationId": { "type": "integer", "minimum": 1 }
          },
          "required": ["ApplicationId"]
        }
      },
      "required": ["Header", "Body"]
    }
  },
  "required": ["GetApplicationDetailsRq"]
}
